1713729879.443016,female,group B,bachelor's degree,standard,none,75.230634,53.220278,59.597919
1713729879.443025,female,group C,some college,standard,completed,71.511089,92.803533,97.938373
1713729879.443033,female,group B,master's degree,standard,none,88.062651,79.241368,105.004383
1713729879.443041,male,group A,associate's degree,free/reduced,none,43.704552,45.671114,38.507503
1713729879.443048,male,group C,some college,standard,none,73.472825,71.036395,67.775957
1713729879.443056,female,group B,associate's degree,standard,none,73.640264,87.485423,107.325404
1713729879.443064,female,group B,some college,standard,completed,97.805065,94.320963,107.136234
1713729879.443072,male,group B,some college,free/reduced,none,49.805654,57.293689,64.955880
1713729879.443080,male,group D,high school,free/reduced,completed,72.236898,59.430999,88.211820
1713729879.443088,female,group B,high school,free/reduced,none,45.276603,30.989023,47.105766
1713729879.443096,male,group C,associate's degree,standard,none,55.064890,53.047610,120.574282
1713729879.443103,male,group D,associate's degree,standard,none,49.410710,46.448846,98.933148
1713729879.443111,female,group B,high school,standard,none,63.166395,82.335197,70.844161
1713729879.443119,male,group A,some college,standard,completed,69.356422,44.096229,69.353812
1713729879.443126,female,group A,master's degree,standard,none,44.745700,59.515680,68.859872
1713729879.443134,female,group C,some high school,standard,none,79.889626,71.709457,91.325365
1713729879.443141,male,group C,high school,standard,none,88.559708,78.059957,90.204696
1713729879.443147,female,group B,some high school,free/reduced,none,19.525451,41.651894,30.685734
1713729879.443155,male,group C,master's degree,free/reduced,completed,13.761821,36.786362,52.070783
1713729879.443161,female,group C,associate's degree,free/reduced,none,60.643043,55.245636,41.635138
1713729879.443178,male,group D,high school,standard,none,80.823397,102.803384,53.064570
1713729879.443186,female,group B,some college,free/reduced,completed,59.294427,71.527920,-32.512262
1713729879.443192,male,group D,some college,standard,none,39.521482,51.589618,64.524869
1713729879.443199,female,group C,some high school,standard,none,68.512760,99.360933,72.638279
1713729879.443205,male,group D,bachelor's degree,free/reduced,completed,73.312480,57.470250,100.204487
1713729879.443213,male,group A,master's degree,free/reduced,none,72.326904,101.342084,48.537892
1713729879.443218,male,group B,some college,standard,none,55.456301,63.690799,77.202259
1713729879.443226,female,group C,bachelor's degree,standard,none,49.862941,53.442808,91.271040
1713729879.443233,male,group C,high school,standard,none,84.697731,67.362966,69.031915
1713729879.443241,female,group D,master's degree,standard,none,62.684080,79.948851,60.664088
1713729879.443247,female,group D,some college,standard,none,60.466548,41.838621,98.850115
1713729879.443254,female,group B,some college,standard,none,59.488446,78.797809,45.844960
1713729879.443262,female,group E,master's degree,free/reduced,none,58.552363,74.722123,74.306741
1713729879.443270,male,group D,some college,standard,none,44.519097,44.027941,43.278337
1713729879.443277,male,group E,some college,standard,none,100.452074,91.205873,58.810037
1713729879.443285,male,group E,associate's degree,standard,completed,83.274267,62.921405,72.076173
1713729879.443290,female,group D,associate's degree,standard,none,69.010198,76.812518,94.692020
1713729879.443297,female,group D,some high school,free/reduced,none,43.437191,73.368743,62.052704
1713729879.443303,female,group D,associate's degree,free/reduced,completed,75.251498,76.902983,82.285576
1713729879.443311,male,group B,associate's degree,free/reduced,none,64.604846,34.443855,84.322711
1713729879.443318,male,group C,associate's degree,free/reduced,none,48.495208,61.314109,44.072111
1713729879.443326,female,group C,associate's degree,standard,none,68.146356,63.916768,70.287756
1713729879.443331,female,group B,associate's degree,standard,none,58.160910,69.273511,55.370837
1713729879.443337,male,group B,some college,free/reduced,completed,59.096431,60.611057,35.480670
1713729879.443342,female,group E,associate's degree,free/reduced,none,52.688508,63.640437,40.298773
1713729879.443347,male,group B,associate's degree,standard,none,68.432787,53.833299,69.367337
1713729879.443355,female,group A,associate's degree,standard,completed,52.265995,76.258783,55.731337
1713729879.443362,female,group C,high school,standard,none,64.751931,72.348294,83.087933
1713729879.443369,female,group D,associate's degree,free/reduced,completed,55.825038,69.296032,108.402118
1713729879.443377,male,group C,high school,standard,completed,82.837409,89.415364,89.257765
1713729879.443384,male,group E,some college,standard,none,65.369727,67.596729,52.195577
1713729879.443392,male,group E,associate's degree,free/reduced,completed,73.812640,77.953964,92.935005
1713729879.443399,male,group C,some college,standard,none,37.294523,47.821899,56.190421
1713729879.443407,male,group D,high school,standard,none,88.962237,79.963889,70.239236
1713729879.443414,female,group C,some high school,free/reduced,completed,69.372302,99.917017,43.415252
1713729879.443419,female,group C,high school,free/reduced,none,57.471346,46.660894,54.068790
1713729879.443426,female,group E,associate's degree,standard,completed,88.825194,94.051203,78.986313
1713729879.443432,male,group D,associate's degree,standard,none,49.297325,72.408856,45.088514
1713729879.443440,male,group D,some college,standard,completed,53.338797,48.184517,38.053879
1713729879.443448,female,group C,some high school,free/reduced,none,9.791556,10.751002,15.485661
1713729879.443454,male,group E,bachelor's degree,free/reduced,completed,72.051348,72.387905,93.693173
1713729879.443459,male,group A,some high school,free/reduced,none,41.427692,43.270258,21.651198
1713729879.443465,male,group A,associate's degree,free/reduced,none,58.422345,64.132739,35.437393
1713729879.443471,female,group C,associate's degree,standard,none,81.346966,79.192812,84.239080
1713729879.443479,female,group D,some high school,standard,none,100.358867,69.913410,65.331139
1713729879.443486,male,group B,some high school,standard,none,70.249371,74.400974,69.849400
1713729879.443491,male,group D,some high school,free/reduced,none,44.445360,28.937248,36.114910
1713729879.443499,female,group C,some college,standard,none,61.021017,43.968858,49.161631
1713729879.443507,male,group B,associate's degree,free/reduced,none,28.281250,56.916203,33.055996
1713729879.443514,female,group C,associate's degree,standard,none,38.267905,66.338235,55.086578
1713729879.443522,female,group D,some college,free/reduced,completed,63.632440,55.507889,74.499077
1713729879.443528,male,group D,some college,standard,completed,52.688176,48.810649,62.854521
1713729879.443536,female,group A,associate's degree,free/reduced,none,50.908757,62.236336,49.540296
1713729879.443543,male,group C,some high school,free/reduced,none,61.745579,54.463622,57.819565
1713729879.443549,male,group C,some high school,standard,none,47.917878,74.809103,30.605244
1713729879.443556,male,group B,associate's degree,free/reduced,none,12.957877,51.187867,15.538354
1713729879.443562,male,group E,some high school,standard,none,27.719884,24.493660,26.791276
1713729879.443569,male,group A,bachelor's degree,standard,completed,76.448706,78.069835,75.526632
1713729879.443577,female,group D,some high school,standard,completed,61.647399,64.326940,47.272349
1713729879.443582,female,group E,master's degree,standard,none,66.407258,92.588817,47.020642
1713729879.443588,female,group B,associate's degree,standard,none,51.234497,49.794605,-10.974729
1713729879.443594,male,group B,high school,free/reduced,none,44.204202,69.325141,35.575433
1713729879.443600,male,group A,some college,free/reduced,completed,45.494949,28.457803,87.518172
1713729879.443607,male,group E,associate's degree,standard,none,69.600943,67.508500,66.052250
1713729879.443613,male,group D,high school,free/reduced,none,47.319144,34.797251,33.977896
1713729879.443618,female,group C,some college,standard,none,64.643662,97.897628,77.008108
1713729879.443624,female,group C,some college,free/reduced,none,70.277600,98.436299,76.974444
1713729879.443633,female,group D,associate's degree,standard,none,71.047937,73.674872,56.847932
1713729879.443640,female,group A,some college,standard,none,35.830266,61.396937,49.187130
1713729879.443648,female,group D,some high school,standard,none,70.394426,90.664230,108.426156
1713729879.443655,female,group C,bachelor's degree,standard,none,81.905588,84.272850,81.627962
1713729879.443661,male,group C,high school,free/reduced,none,20.802035,40.442884,35.786146
1713729879.443669,male,group C,high school,standard,none,106.632777,82.769730,105.761925
1713729879.443674,male,group C,associate's degree,free/reduced,completed,46.791894,37.224843,39.843459
1713729879.443682,female,group B,some college,standard,none,86.150578,82.074982,91.382614
1713729879.443689,male,group C,associate's degree,free/reduced,completed,59.334877,70.776100,65.740475
1713729879.443697,male,group B,some high school,standard,completed,75.955545,60.638797,55.894456
1713729879.443703,female,group E,some college,standard,completed,66.699918,65.686667,79.850986
1713729879.443709,female,group D,some college,free/reduced,none,70.394251,75.305514,57.002233
1713729879.443714,female,group D,bachelor's degree,standard,none,59.392540,56.791545,60.859405
1713729879.443719,male,group B,some college,standard,none,78.032248,71.144732,45.488542
1713729879.443727,male,group D,bachelor's degree,standard,completed,69.044800,76.792863,87.840751
1713729879.443734,female,group D,associate's degree,standard,none,89.026466,110.176470,93.227941
1713729879.443742,male,group B,high school,standard,completed,58.043016,50.459652,54.723770
1713729879.443750,male,group C,some college,standard,completed,109.280848,77.029382,77.909122
1713729879.443758,female,group C,some college,standard,none,47.308446,68.778701,47.413279
1713729879.443765,female,group D,master's degree,standard,none,87.295244,95.849673,103.867153
1713729879.443773,male,group E,associate's degree,standard,completed,67.318124,54.515549,70.279853
1713729879.443781,female,group B,associate's degree,free/reduced,none,48.134552,38.672597,118.273092
1713729879.443786,female,group B,some high school,standard,none,77.530234,57.235933,89.951501
1713729879.443794,female,group D,associate's degree,free/reduced,completed,74.075971,64.310486,94.183435
1713729879.443801,male,group C,high school,standard,none,63.628029,45.462824,41.627148
1713729879.443808,male,group A,associate's degree,standard,none,67.338182,56.968326,80.088702
1713729879.443816,female,group D,some college,standard,none,39.056104,56.392316,23.311361
1713729879.443824,female,group E,bachelor's degree,standard,completed,95.892917,105.153671,99.799219
1713729879.443831,male,group C,high school,standard,none,82.423410,71.488513,75.540697
1713729879.443839,female,group B,bachelor's degree,free/reduced,none,88.221042,80.915490,106.500356
1713729879.443846,female,group D,bachelor's degree,standard,none,66.331638,47.636683,71.491426
1713729879.443852,female,group D,some high school,standard,none,66.368921,68.939527,102.680502
1713729879.443859,female,group C,some college,standard,none,50.912241,51.980007,73.985785
1713729879.443867,female,group C,bachelor's degree,standard,completed,86.773932,85.375701,87.431599
1713729879.443875,male,group B,associate's degree,standard,completed,86.922679,78.930766,145.510077
1713729879.443883,female,group C,some college,standard,completed,90.982881,96.353609,60.771913
1713729879.443890,male,group D,high school,free/reduced,none,75.334432,49.238738,91.425923
1713729879.443898,male,group E,some college,standard,none,76.068696,78.796783,44.296243
1713729879.443906,female,group B,high school,standard,none,88.246766,96.352386,103.460673
1713729879.443910,male,group B,some high school,standard,none,58.542028,59.792914,81.931498
1713729879.443918,male,group D,some college,standard,completed,87.039287,85.998816,64.460436
1713729879.443926,male,group D,master's degree,standard,none,81.730708,95.446171,63.427919
1713729879.443933,female,group A,bachelor's degree,standard,none,32.016805,24.725447,60.128215
1713729879.443941,male,group D,master's degree,standard,none,89.389489,87.594427,80.176765
1713729879.443949,male,group C,some high school,free/reduced,completed,84.963240,58.121983,44.589294
1713729879.443956,male,group E,some college,free/reduced,completed,86.053928,70.517883,76.905679
1713729879.443964,female,group C,some college,standard,completed,63.552567,84.620177,72.242597
1713729879.443972,male,group D,bachelor's degree,free/reduced,completed,71.482217,78.298141,51.154264
1713729879.443977,male,group C,bachelor's degree,standard,none,56.133190,52.908150,104.553833
1713729879.443985,male,group B,some high school,standard,completed,49.464714,46.931538,47.592563
1713729879.443991,male,group E,high school,standard,none,81.744324,57.414997,50.029210
1713729879.443999,female,group C,associate's degree,standard,none,44.168185,74.358252,66.097026
1713729879.444008,male,group D,some college,standard,completed,82.928336,57.793390,82.643934
1713729879.444015,female,group D,some high school,standard,none,74.849417,91.631848,84.362024
1713729879.444023,female,group C,some college,free/reduced,none,41.085521,78.275507,53.608904
1713729879.444031,female,group E,some college,free/reduced,completed,31.087143,36.409139,50.276884
1713729879.444038,male,group A,high school,standard,none,79.658001,58.180914,59.883051
1713729879.444044,male,group D,some college,standard,none,84.386263,93.732703,70.090481
1713729879.444051,female,group C,some college,free/reduced,none,33.752208,38.541459,25.927210
1713729879.444059,male,group B,some high school,standard,none,86.688979,100.816806,80.820991
1713729879.444066,male,group C,associate's degree,free/reduced,none,84.284091,69.164833,76.821568
1713729879.444074,female,group D,bachelor's degree,standard,completed,69.976528,67.967485,74.642442
1713729879.444082,male,group E,associate's degree,free/reduced,completed,108.445791,101.282129,87.998224
1713729879.444089,male,group A,some high school,standard,completed,53.749480,60.461417,67.658712
1713729879.444097,male,group A,bachelor's degree,standard,none,89.786724,76.071374,66.705009
1713729879.444104,female,group B,associate's degree,standard,completed,59.226685,73.311494,95.636877
1713729879.444110,male,group D,bachelor's degree,standard,none,71.485109,44.236652,43.775994
1713729879.444118,male,group D,some high school,standard,none,63.350564,58.844276,72.025673
1713729879.444123,female,group C,some college,standard,completed,74.166733,78.043064,79.849072
1713729879.444131,female,group E,high school,free/reduced,completed,54.020386,109.436341,113.999228
1713729879.444138,male,group B,some college,free/reduced,none,76.894153,71.483674,84.830361
1713729879.444146,female,group B,associate's degree,standard,completed,60.897721,72.272685,93.317246
1713729879.444154,male,group D,associate's degree,free/reduced,none,70.803833,50.216362,51.756342
1713729879.444161,male,group B,associate's degree,free/reduced,completed,85.312838,80.878293,105.606309
1713729879.444175,female,group E,some college,free/reduced,completed,73.225564,70.199878,58.315854
1713729879.444183,male,group B,master's degree,free/reduced,none,47.172633,61.857298,66.315715
1713729879.444189,male,group C,high school,standard,none,52.357224,54.839083,40.207310
1713729879.444194,female,group E,master's degree,standard,none,80.548291,70.670957,109.802502
1713729879.444202,female,group C,bachelor's degree,standard,completed,100.700746,106.249395,84.191257
1713729879.444211,male,group C,high school,free/reduced,completed,57.652732,56.402418,77.907177
1713729879.444219,female,group B,master's degree,free/reduced,completed,63.586294,65.645229,76.756141
1713729879.444226,female,group B,high school,standard,completed,65.510976,85.768034,71.682078
1713729879.444234,female,group C,some college,free/reduced,completed,73.227758,103.189779,57.356978
1713729879.444241,male,group A,high school,standard,completed,44.531108,77.496457,67.704735
1713729879.444249,male,group E,some high school,standard,none,88.660544,60.237967,77.418253
1713729879.444255,female,group D,some college,standard,none,66.043448,86.138605,83.284394
1713729879.444262,female,group C,associate's degree,standard,none,63.010244,73.201944,73.977593
1713729879.444269,female,group C,bachelor's degree,free/reduced,completed,52.703513,71.598619,63.196038
1713729879.444277,female,group C,master's degree,standard,completed,92.245055,163.560175,85.786448
1713729879.444285,female,group B,high school,free/reduced,completed,49.293402,54.043465,59.668985
1713729879.444291,female,group C,associate's degree,standard,completed,77.575535,64.765090,90.267689
1713729879.444297,female,group B,master's degree,free/reduced,completed,58.508611,63.873747,82.017924
1713729879.444306,female,group D,some high school,standard,completed,73.912366,95.714761,95.857018
1713729879.444310,male,group C,master's degree,free/reduced,completed,46.342455,57.669624,80.292181
1713729879.444318,female,group C,some college,free/reduced,none,51.401304,64.562831,71.897662
1713729879.444326,female,group E,high school,standard,none,48.616660,48.625137,13.664591
1713729879.444334,female,group D,associate's degree,standard,none,75.938406,64.869568,54.677167
1713729879.444342,male,group C,some high school,free/reduced,completed,43.160663,52.158155,76.629627
1713729879.444350,male,group C,associate's degree,free/reduced,completed,64.759723,75.754153,115.706369
1713729879.444357,male,group E,high school,standard,none,77.507749,71.746786,21.590200
1713729879.444362,male,group D,some high school,standard,completed,61.649970,67.289683,80.787292
1713729879.444368,male,group B,some high school,free/reduced,none,61.111907,57.558148,39.073458
1713729879.444373,female,group C,bachelor's degree,standard,none,91.917040,90.136939,79.426313
1713729879.444380,female,group E,associate's degree,standard,none,65.615867,55.765927,39.868428
1713729879.444385,male,group D,some college,standard,completed,82.454878,77.561095,34.026686
1713729879.444393,female,group B,some high school,standard,none,67.991101,64.022060,63.912930
1713729879.444401,male,group D,some college,standard,completed,82.347984,66.730166,35.919285
1713729879.444407,female,group C,master's degree,standard,completed,59.736588,91.998133,76.004813
1713729879.444412,male,group D,associate's degree,standard,none,56.849329,52.172417,64.164911
1713729879.444418,male,group C,some high school,free/reduced,completed,58.295072,67.006858,64.007876
1713729879.444425,male,group E,high school,free/reduced,none,45.879946,73.181464,50.071543
1713729879.444431,female,group B,some college,free/reduced,none,43.843243,77.812954,56.861556
1713729879.444436,female,group B,bachelor's degree,free/reduced,none,69.162145,59.254230,33.949832
1713729879.669549,female,group C,associate's degree,standard,completed,62.770291,85.007673,96.320761
1713729879.669558,female,group D,some college,free/reduced,none,46.365255,88.810896,84.959454
1713729879.669564,male,group C,associate's degree,standard,none,66.959300,81.543283,78.212766
1713729879.669570,female,group B,associate's degree,standard,none,50.877904,59.371865,54.783461
1713729879.669576,male,group C,some college,standard,none,70.589398,60.743294,63.347668
1713729879.669582,male,group D,some high school,standard,completed,79.556722,48.437488,66.386444
1713729879.669587,male,group E,bachelor's degree,standard,none,84.739006,64.929813,62.336828
1713729879.669593,male,group E,high school,standard,completed,86.819702,86.552731,58.942379
1713729879.669599,female,group B,some college,free/reduced,none,81.405271,83.455990,57.815694
1713729879.669604,female,group B,some college,free/reduced,none,44.022138,63.457587,55.008496
1713729879.669610,male,group D,some high school,free/reduced,completed,100.069466,57.133671,95.988642
1713729879.669616,male,group C,some college,free/reduced,none,49.747189,24.225569,102.740060
1713729879.669621,female,group C,high school,free/reduced,none,43.111052,65.651324,48.082986
1713729879.669627,male,group C,associate's degree,free/reduced,completed,39.571545,65.446900,41.324314
1713729879.669633,male,group E,high school,standard,completed,104.615160,85.510854,80.865151
1713729879.669638,male,group B,some high school,standard,completed,87.670722,83.449366,70.870978
1713729879.669644,female,group E,associate's degree,free/reduced,completed,70.296753,60.142411,88.534326
1713729879.669650,female,group C,high school,free/reduced,none,25.262425,49.278036,6.963048
1713729879.669656,male,group B,high school,free/reduced,none,66.544581,72.321454,46.507899
1713729879.669662,male,group B,some high school,standard,completed,65.172765,54.512640,46.125412
1713729879.669667,female,group D,high school,standard,completed,59.461616,59.054705,73.086076
1713729879.669673,male,group B,associate's degree,standard,none,87.702590,80.023199,54.954186
1713729879.669678,female,group C,some high school,free/reduced,none,64.082540,64.069648,-6.898260
1713729879.669684,male,group D,some high school,standard,none,98.199785,88.935892,66.190839
1713729879.669690,female,group B,associate's degree,standard,completed,51.465292,63.173473,70.820085
1713729879.669695,female,group E,master's degree,free/reduced,none,43.413168,53.587923,44.773651
1713729879.669701,female,group C,some college,standard,none,72.537434,64.057493,92.549121
1713729879.669707,male,group D,high school,standard,none,48.051402,46.995388,47.518569
1713729879.669713,male,group A,some high school,free/reduced,none,83.064927,106.722203,72.501237
1713729879.669718,female,group C,some college,standard,completed,89.224876,94.957149,128.770557
1713729879.669724,male,group D,some college,standard,none,53.264997,48.284091,53.036948
1713729879.669729,male,group C,associate's degree,standard,none,60.192771,24.183931,27.986834
1713729879.669735,female,group B,bachelor's degree,standard,none,72.273123,99.757280,96.902933
1713729879.669741,male,group E,some high school,standard,none,93.584971,119.869354,76.010518
1713729879.669746,male,group C,bachelor's degree,standard,completed,82.732097,92.629578,99.995006
1713729879.669752,male,group D,associate's degree,standard,none,99.761872,77.569293,84.694094
1713729879.669758,male,group D,bachelor's degree,free/reduced,none,67.912067,61.616320,63.415709
1713729879.669764,female,group D,some high school,standard,completed,53.095550,24.339140,75.950846
1713729879.669769,male,group B,some college,standard,none,51.475147,48.953171,37.255777
1713729879.669775,male,group C,associate's degree,standard,none,61.156548,84.367584,97.568527
1713729879.669780,male,group D,high school,free/reduced,completed,67.203296,31.513920,76.862390
1713729879.669786,female,group E,bachelor's degree,standard,none,97.366619,91.194375,25.346320
1713729879.669792,female,group D,high school,standard,none,27.197233,69.077904,16.796330
1713729879.669797,male,group E,some college,standard,none,53.737528,45.020154,17.846694
1713729879.669804,male,group D,some high school,standard,none,57.222469,79.417439,39.841378
1713729879.669809,male,group C,associate's degree,standard,none,84.572728,72.923181,48.882875
1713729879.669815,male,group E,associate's degree,standard,none,94.928204,110.468109,63.704916
1713729879.669821,female,group B,high school,standard,completed,59.277735,73.061868,76.499027
1713729879.669827,female,group B,high school,standard,none,63.872742,73.904161,56.766639
1713729879.669832,male,group C,high school,standard,none,76.388090,49.472480,83.840171
1713729879.669838,male,group A,some high school,standard,completed,52.182241,45.319799,45.328460
1713729879.669843,female,group D,some college,free/reduced,none,71.466528,72.724341,72.526651
1713729879.669849,female,group B,some high school,standard,completed,71.527099,67.801353,79.075071
1713729879.669855,male,group D,master's degree,standard,none,88.705506,81.626002,86.139468
1713729879.669860,male,group D,high school,standard,none,52.772134,29.730582,27.894592
1713729879.669866,female,group E,some college,standard,none,52.896613,100.982915,76.032963
1713729879.669872,female,group C,associate's degree,free/reduced,none,37.646232,89.425063,72.250196
1713729879.669878,male,group C,associate's degree,standard,completed,74.465076,98.730608,158.154326
1713729879.669883,female,group B,some college,standard,none,83.745143,64.142933,81.675683
1713729879.669889,female,group C,master's degree,free/reduced,completed,72.397467,80.396932,81.649297
1713729879.669895,female,group C,some high school,free/reduced,completed,67.861640,86.296807,86.829263
1713729879.669900,male,group C,some college,standard,completed,58.396660,63.055121,91.234620
1713729879.669906,female,group C,some high school,free/reduced,none,41.543855,45.996748,30.932734
1713729879.669912,female,group E,high school,standard,none,73.160495,89.664588,97.223143
1713729879.669918,male,group D,high school,standard,none,73.054513,53.311496,65.375489
1713729879.669923,male,group D,some high school,free/reduced,none,63.271567,40.230797,35.161933
1713729879.669929,female,group C,bachelor's degree,standard,none,58.933337,74.171353,85.134368
1713729879.669935,female,group D,high school,standard,none,75.222938,77.148881,82.646513
1713729879.669940,female,group D,associate's degree,standard,completed,82.076944,93.208157,82.919107
1713729879.669946,female,group E,some college,free/reduced,none,74.149074,80.810585,63.255767
1713729879.669952,male,group C,bachelor's degree,standard,none,88.489866,56.954863,79.459595
1713729879.669957,male,group C,some college,standard,none,81.118147,42.183984,26.749117
1713729879.669963,female,group D,associate's degree,free/reduced,none,28.533559,47.020612,-0.074787
1713729879.669969,female,group D,some college,standard,none,34.154728,75.182407,77.357019
1713729879.669975,male,group B,some college,standard,completed,88.787804,111.208693,77.601064
1713729879.669980,male,group C,bachelor's degree,standard,none,97.720706,87.760218,86.254125
1713729879.669986,female,group C,some high school,standard,completed,97.291811,92.174452,103.374591
1713729879.669991,female,group E,high school,standard,completed,58.511062,25.077484,142.795551
1713729879.669997,female,group C,some high school,free/reduced,none,72.668191,90.261998,145.309203
1713729879.670002,male,group B,bachelor's degree,free/reduced,none,59.877335,51.142852,48.789911
1713729879.670008,male,group D,high school,standard,none,19.419330,57.287259,48.727333
1713729879.670013,male,group D,high school,standard,none,59.610722,58.630056,-11.300638
1713729879.670019,female,group D,bachelor's degree,free/reduced,none,83.011022,60.335632,79.879372
1713729879.670024,female,group D,some college,free/reduced,completed,47.821590,77.686355,96.816108
1713729879.670031,female,group B,some high school,standard,none,37.403745,26.632031,50.622405
1713729879.670036,male,group B,associate's degree,standard,completed,52.229196,73.655865,59.860372
1713729879.670041,male,group E,associate's degree,standard,completed,105.411967,83.935540,75.017317
1713729879.670048,female,group B,some high school,standard,none,55.582633,76.508917,123.130248
1713729879.670054,male,group B,bachelor's degree,free/reduced,none,99.262064,72.539279,106.247261
1713729879.670060,male,group E,some high school,standard,completed,81.112412,74.568112,67.234883
1713729879.670066,male,group C,associate's degree,standard,none,74.184695,52.183813,49.760062
1713729879.670071,male,group D,some high school,standard,none,77.872875,82.057065,76.026296
1713729879.670077,male,group C,some high school,standard,completed,63.541415,48.465667,97.290703
1713729879.670081,female,group E,bachelor's degree,standard,none,62.174024,75.542391,54.758124
1713729879.670087,male,group D,high school,free/reduced,completed,87.962252,53.272425,142.620166
1713729879.670093,male,group B,associate's degree,free/reduced,none,85.672449,64.836046,59.100188
1713729879.670099,male,group A,some high school,standard,completed,46.965143,15.355536,63.994292
1713729879.670104,male,group E,associate's degree,standard,completed,77.069721,52.075378,45.787526
1713729879.670110,male,group C,high school,free/reduced,completed,45.024553,94.160145,51.494018
1713729879.670115,male,group D,associate's degree,free/reduced,none,83.552061,61.066291,61.439115
1713729879.670120,male,group A,some college,free/reduced,completed,90.438448,68.468672,119.045807
1713729879.670126,male,group D,some high school,free/reduced,none,18.300589,53.680780,50.875222
1713729879.670131,female,group C,associate's degree,standard,completed,65.052191,80.013695,101.391689
1713729879.670137,male,group B,associate's degree,standard,none,54.023993,71.195201,70.043035
1713729879.670143,female,group C,associate's degree,standard,completed,74.380339,82.401160,79.462883
1713729879.670148,male,group A,some college,standard,none,67.483963,63.325981,100.660707
1713729879.670154,male,group E,some college,standard,completed,87.473880,92.840256,77.833676
1713729879.670160,male,group C,some high school,standard,none,55.086918,52.309432,42.720018
1713729879.670175,female,group B,associate's degree,free/reduced,none,65.176038,70.293531,94.565416
1713729879.670181,female,group D,high school,free/reduced,none,56.239290,80.485008,59.269360
1713729879.670187,female,group B,associate's degree,standard,none,73.331283,69.898950,99.281589
1713729879.670193,male,group B,bachelor's degree,standard,none,63.321989,36.703488,33.180871
1713729879.670199,male,group D,bachelor's degree,standard,completed,47.534093,69.247148,90.077925
1713729879.670205,female,group C,associate's degree,free/reduced,completed,67.263881,78.107502,89.055823
1713729879.670210,female,group C,bachelor's degree,standard,completed,53.600032,60.488488,81.448051
1713729879.670216,male,group C,high school,standard,none,67.373210,67.905962,48.335632
1713729879.670222,female,group D,master's degree,standard,completed,90.760894,106.186353,101.328816
1713729879.670228,male,group C,associate's degree,standard,none,77.993360,67.787938,87.855803
1713729879.670233,male,group B,bachelor's degree,standard,none,65.561917,80.793682,72.238006
1713729879.670239,female,group D,associate's degree,free/reduced,none,45.198346,69.293129,49.476511
1713729879.670245,female,group C,high school,free/reduced,completed,59.444873,77.817003,81.649554
1713729879.670250,female,group E,high school,standard,none,74.240978,89.377709,60.967726
1713729879.670256,female,group C,some college,standard,none,67.630114,77.959501,79.422805
1713729879.670262,female,group C,some high school,free/reduced,none,51.729327,50.834521,70.328781
1713729879.670268,female,group C,high school,free/reduced,none,58.895893,38.270313,26.616361
1713729879.670273,female,group C,some college,standard,none,81.883149,97.224080,118.054042
1713729879.670279,male,group C,some college,standard,none,42.735609,65.211315,44.422470
1713729879.670285,male,group A,some college,free/reduced,none,28.295208,35.316736,15.131895
1713729879.670290,male,group C,associate's degree,standard,completed,81.790283,89.160799,58.653833
1713729879.670296,female,group B,some high school,standard,none,31.054074,71.636165,56.173771
1713729879.670302,male,group C,high school,standard,none,74.048837,36.613630,87.049303
1713729879.670308,male,group C,associate's degree,standard,none,45.778118,53.877956,41.814105
1713729879.670313,male,group E,associate's degree,standard,completed,68.557405,54.266385,51.495840
1713729879.670319,male,group B,associate's degree,standard,none,78.792137,44.654791,99.529451
1713729879.670325,female,group C,bachelor's degree,standard,none,100.286360,99.969531,113.555586
1713729879.670331,female,group B,some college,free/reduced,none,42.587998,81.277055,79.065947
1713729879.670336,male,group D,some high school,standard,completed,75.353837,78.458256,69.061936
1713729879.670342,male,group C,associate's degree,standard,none,53.726801,44.335910,45.546973
1713729879.670348,female,group B,some high school,free/reduced,none,28.042682,41.288733,47.780402
1713729879.670353,female,group D,some high school,free/reduced,completed,27.340454,59.640849,49.914776
1713729879.670360,male,group C,high school,free/reduced,none,67.213341,71.562754,33.231000
1713729879.670365,female,group C,high school,standard,none,34.510462,82.462272,57.382900
1713729879.670371,female,group B,high school,standard,completed,61.249741,81.211870,81.909995
1713729879.670377,male,group D,associate's degree,standard,completed,63.859078,76.383978,69.727774
1713729879.670382,male,group D,some college,standard,none,80.098038,66.252246,47.290970
1713729879.670388,female,group C,high school,standard,none,71.514058,76.854455,76.419800
1713729879.670394,male,group B,some college,standard,none,68.462830,70.258437,47.503835
1713729879.670399,female,group C,bachelor's degree,standard,completed,78.519652,98.793421,146.351618
1713729879.670405,male,group D,high school,free/reduced,none,78.203656,88.593893,100.009303
1713729879.670411,male,group E,associate's degree,standard,none,87.147289,73.797501,109.953348
1713729879.670416,female,group B,bachelor's degree,standard,none,51.539720,65.484822,88.601694
1713729879.670422,male,group E,some college,standard,none,68.387634,82.955355,59.047553
1713729879.670427,female,group C,some college,standard,completed,45.044359,92.487431,76.354363
1713729879.670434,female,group C,associate's degree,standard,none,27.779303,55.805876,54.703725
1713729879.670439,female,group C,some college,standard,none,45.140908,66.204814,12.039878
1713729879.670444,female,group B,bachelor's degree,standard,none,57.572295,72.903223,62.043737
1713729879.670450,male,group A,associate's degree,standard,none,56.461929,62.773850,70.688372
1713729879.670456,female,group C,some college,free/reduced,completed,38.898173,65.593756,53.394244
1713729879.670462,male,group D,some college,free/reduced,none,58.180936,60.617438,78.195735
1713729879.670467,female,group D,some college,standard,none,79.764235,82.831947,91.582144
1713729879.670473,female,group B,high school,standard,none,47.658787,13.542755,39.668318
1713729879.670479,male,group B,some high school,standard,completed,81.339552,90.684741,96.353422
1713729879.670485,female,group C,some college,standard,none,57.184542,51.347723,85.473732
1713729879.670490,female,group D,some high school,free/reduced,none,40.067769,38.984490,30.625243
1713729879.670496,male,group C,some college,standard,none,60.981891,54.317839,56.063926
1713729879.670501,male,group A,bachelor's degree,free/reduced,completed,44.641526,53.599409,58.440130
1713729879.670507,male,group C,high school,standard,completed,78.935173,47.147137,98.391021
1713729879.670513,male,group C,bachelor's degree,free/reduced,none,62.622865,71.219823,77.316920
1713729879.670519,female,group A,some high school,free/reduced,none,45.521432,90.439608,42.185499
1713729879.670524,female,group D,some high school,standard,none,67.394529,61.138652,59.087713
1713729879.670530,male,group E,some college,standard,none,87.414583,111.002728,58.458934
1713729879.670536,female,group C,some college,free/reduced,completed,42.142912,72.040487,50.291627
1713729879.670541,male,group D,some high school,standard,none,51.884412,58.376473,70.476014
1713729879.670547,female,group D,some college,standard,completed,83.105493,96.352689,130.236239
1713729879.670555,female,group D,bachelor's degree,standard,none,61.257428,83.112507,115.652429
1713729879.670561,male,group E,associate's degree,free/reduced,none,45.530246,28.592350,32.220165
1713729879.670566,female,group D,some high school,standard,none,78.700893,98.588647,101.780056
1713729879.670573,female,group D,master's degree,free/reduced,completed,78.483640,133.414321,103.851477
1713729879.670578,female,group A,some high school,standard,none,23.216457,85.068457,104.103371
1713729879.670584,male,group A,bachelor's degree,standard,none,65.825384,52.805097,32.027168
1713729879.670591,female,group B,associate's degree,standard,none,53.961843,67.713029,76.684343
1713729879.670597,male,group C,associate's degree,standard,completed,86.994717,92.863600,73.091213
1713729879.670604,male,group C,master's degree,free/reduced,none,86.409367,74.813973,65.940445
1713729879.670610,female,group E,some high school,free/reduced,none,43.814417,48.715326,44.003647
1713729879.670617,female,group A,some high school,free/reduced,none,39.241985,58.517110,37.245548
1713729879.670623,female,group E,some college,standard,none,67.038604,86.853495,61.008616
1713729879.670629,female,group E,bachelor's degree,standard,none,76.130133,70.746481,58.128143
1713729879.670635,female,group C,associate's degree,free/reduced,none,51.910012,76.637189,56.647753
1713729879.670640,female,group D,high school,standard,none,56.878676,55.792257,74.951670
1713729879.670646,male,group D,master's degree,standard,none,78.989604,37.058547,34.583082
1713729879.670652,male,group E,some high school,free/reduced,completed,75.051550,70.877010,22.154247
1713729879.670657,female,group D,some college,standard,none,76.529535,71.851861,44.727113
1713729879.670663,male,group E,some college,standard,none,55.342715,72.507155,64.792952
1713729879.670669,male,group C,associate's degree,standard,completed,59.400210,46.665125,49.944894
1713729879.670675,female,group C,some high school,standard,completed,60.005062,63.038561,152.243042
1713729879.670680,male,group A,high school,free/reduced,none,62.439452,55.664480,16.250018
1713729879.670686,female,group B,high school,free/reduced,none,58.051766,60.581422,69.063744
1713729879.670691,female,group C,associate's degree,standard,none,79.354939,92.993515,89.706898
1713729879.670697,male,group B,some high school,standard,none,66.962132,61.577143,86.002231
1713729879.670703,male,group D,some high school,standard,none,48.686033,60.651815,41.003300
1713729879.878339,female,group C,some high school,standard,completed,65.051626,69.454443,65.933370
1713729879.878347,male,group A,some college,standard,none,51.146824,59.522896,60.959308
1713729879.878354,female,group A,some college,free/reduced,none,45.111082,58.119527,90.426904
1713729879.878359,female,group D,high school,standard,completed,89.729062,88.850913,86.626167
1713729879.878365,female,group C,high school,standard,none,65.011597,59.857623,74.974734
1713729879.878371,female,group C,some high school,standard,none,62.480530,59.697877,66.161180
1713729879.878377,male,group B,associate's degree,standard,completed,72.707607,73.373159,83.049832
1713729879.878382,female,group B,associate's degree,standard,none,74.623788,87.017546,47.914481
1713729879.878387,female,group D,high school,free/reduced,completed,62.669572,46.410261,52.308718
1713729879.878393,male,group D,associate's degree,standard,completed,104.343824,82.159609,91.828977
1713729879.878399,female,group D,master's degree,standard,completed,68.741273,77.136539,73.074400
1713729879.878403,male,group E,some college,standard,completed,84.311744,87.203298,115.569794
1713729879.878409,male,group D,associate's degree,standard,none,74.118377,72.316891,45.732303
1713729879.878414,male,group B,some high school,standard,completed,62.943904,63.352526,69.437290
1713729879.878420,female,group C,bachelor's degree,free/reduced,completed,35.231007,66.863628,84.705278
1713729879.878426,male,group E,high school,standard,none,71.057038,65.390301,67.798463
1713729879.878431,male,group C,bachelor's degree,standard,completed,70.387212,90.993289,45.360042
1713729879.878437,male,group C,associate's degree,standard,none,80.394591,49.205217,66.200959
1713729879.878443,male,group D,some college,standard,none,65.315017,63.689661,48.364497
1713729879.878448,male,group E,high school,free/reduced,completed,66.653809,57.353815,52.302616
1713729879.878454,female,group C,associate's degree,free/reduced,completed,87.514971,103.843567,107.370169
1713729879.878460,female,group D,high school,standard,completed,40.014950,75.262274,78.238522
1713729879.878465,female,group D,master's degree,free/reduced,completed,37.335948,27.178456,87.998678
1713729879.878470,female,group A,some high school,standard,completed,67.253759,61.697886,155.419316
1713729879.878476,male,group B,some college,free/reduced,none,33.800857,39.363401,12.956511
1713729879.878481,female,group C,some college,free/reduced,none,65.763387,55.228797,70.928154
1713729879.878487,male,group C,bachelor's degree,standard,none,85.823412,97.545096,68.773291
1713729879.878494,male,group C,some high school,free/reduced,none,71.332043,83.061242,61.750007
1713729879.878500,male,group A,some high school,free/reduced,none,49.934421,48.982386,68.608460
1713729879.878505,male,group C,some high school,free/reduced,none,60.120231,58.719301,51.990401
1713729879.878511,male,group C,associate's degree,free/reduced,none,74.668845,71.240803,66.697062
1713729879.878516,female,group C,high school,standard,none,60.884068,81.515284,56.541811
1713729879.878522,male,group C,high school,standard,none,58.320257,55.346347,49.525788
1713729879.878528,female,group A,some high school,free/reduced,none,33.603005,48.129994,49.268824
1713729879.878533,male,group C,some high school,standard,none,71.015203,70.656465,97.078143
1713729879.878541,male,group C,some college,free/reduced,completed,50.637869,10.081729,29.329844
1713729879.878549,male,group D,associate's degree,standard,none,74.893234,66.759396,59.356130
1713729879.878556,male,group D,associate's degree,free/reduced,none,69.834935,70.045914,95.996972
1713729879.878561,male,group C,high school,standard,none,69.086870,55.828213,47.510029
1713729879.878567,male,group D,some high school,standard,completed,99.266739,86.034663,60.424790
1713729879.878572,female,group C,some college,standard,completed,68.908703,69.564434,60.670322
1713729879.878581,female,group D,high school,standard,none,78.617844,64.848360,96.943156
1713729879.878586,female,group A,some high school,free/reduced,none,67.104412,70.922380,71.023690
1713729879.878591,female,group B,associate's degree,standard,none,73.515948,71.001649,104.832288
1713729879.878597,male,group A,some high school,free/reduced,none,88.853658,97.992811,73.807164
1713729879.878603,female,group C,some high school,standard,completed,63.091935,90.810510,83.827376
1713729879.878608,male,group D,some college,free/reduced,none,59.778412,66.067319,55.136684
1713729879.878613,male,group C,high school,standard,completed,93.745230,68.364176,95.209038
1713729879.878619,male,group B,high school,standard,none,31.999350,42.294561,37.945422
1713729879.878624,male,group B,associate's degree,standard,none,77.296156,68.004058,57.992001
1713729879.878630,female,group C,some college,free/reduced,completed,44.726702,87.292397,75.748548
1713729879.878635,female,group E,some college,standard,none,97.595242,104.991510,101.495566
1713729879.878641,female,group C,associate's degree,free/reduced,none,71.156846,84.527399,69.132858
1713729879.878646,male,group C,some college,free/reduced,none,64.688055,53.859782,52.691179
1713729879.878652,female,group C,associate's degree,free/reduced,none,31.237885,60.440056,68.559845
1713729879.878657,male,group C,bachelor's degree,free/reduced,none,38.645953,58.095639,55.795800
1713729879.878663,female,group D,bachelor's degree,standard,none,77.907335,103.595598,110.301114
1713729879.878668,male,group D,associate's degree,free/reduced,none,49.149491,34.089320,49.838417
1713729879.878673,female,group E,bachelor's degree,standard,none,101.722722,86.120757,84.390545
1713729879.878678,male,group B,high school,standard,completed,77.069104,68.656602,38.251137
1713729879.878684,male,group C,bachelor's degree,free/reduced,none,46.097865,70.058538,59.764926
1713729879.878690,male,group B,some college,free/reduced,none,52.490247,49.152737,31.310964
1713729879.878695,female,group E,some college,standard,none,73.757299,59.924239,101.653260
1713729879.878701,female,group C,some college,free/reduced,none,64.106164,88.407130,134.317463
1713729879.878707,male,group A,bachelor's degree,standard,completed,82.064446,67.881369,50.719922
1713729879.878715,female,group C,some college,standard,none,87.115749,69.739698,95.841048
1713729879.878722,female,group D,associate's degree,free/reduced,none,31.465229,21.315748,44.658573
1713729879.878728,male,group A,high school,free/reduced,completed,81.367130,84.123569,58.781004
1713729879.878734,female,group A,high school,free/reduced,completed,64.808775,87.703774,36.434824
1713729879.878742,male,group C,some college,standard,none,83.281012,71.690514,86.667464
1713729879.878747,female,group C,associate's degree,standard,completed,78.161271,87.084943,66.936551
1713729879.878751,female,group C,high school,standard,none,65.408233,59.754410,63.520276
1713729879.878757,female,group C,associate's degree,standard,completed,68.707814,78.019889,73.838066
1713729879.878762,female,group D,some high school,standard,none,58.198747,66.690878,52.382596
1713729879.878768,female,group B,associate's degree,standard,completed,83.041286,96.533167,76.844678
1713729879.878773,female,group D,bachelor's degree,standard,completed,70.632336,78.155084,87.463176
1713729879.878778,male,group E,bachelor's degree,standard,completed,88.193067,38.752420,51.674062
1713729879.878783,male,group D,associate's degree,standard,none,82.784219,74.505197,52.972305
1713729879.878789,female,group D,master's degree,standard,none,68.701118,69.609790,81.607648
1713729879.878795,male,group E,associate's degree,standard,none,89.817733,80.740288,57.990729
1713729879.878799,male,group B,high school,standard,completed,61.583051,54.282998,82.406589
1713729879.878808,female,group D,associate's degree,free/reduced,none,55.904679,57.105280,56.755169
1713729879.878815,male,group C,some college,free/reduced,none,64.202099,67.186889,71.505894
1713729879.878823,male,group A,high school,standard,none,52.176637,30.479387,44.860623
1713729879.878831,female,group B,associate's degree,standard,none,45.126783,70.524208,90.938506
1713729879.878839,male,group C,high school,standard,none,74.730853,86.307175,52.483081
1713729879.878846,male,group D,some college,free/reduced,none,61.833790,52.292919,107.208405
1713729879.878855,female,group C,associate's degree,free/reduced,none,61.524119,72.604830,72.443249
1713729879.878860,male,group B,some high school,standard,completed,63.658120,46.915479,17.767284
1713729879.878865,male,group A,associate's degree,free/reduced,completed,77.163264,106.461517,48.454473
1713729879.878872,female,group A,associate's degree,free/reduced,none,47.622547,74.975564,62.061518
1713729879.878877,female,group C,associate's degree,standard,none,65.456130,45.551771,78.817767
1713729879.878882,female,group C,some college,standard,none,91.106229,81.052372,53.526994
1713729879.878888,female,group C,bachelor's degree,standard,none,90.639222,105.613144,81.035632
1713729879.878893,female,group B,high school,standard,none,40.582903,46.472566,66.244891
1713729879.878899,male,group D,high school,standard,completed,73.492314,76.058882,71.111250
1713729879.878904,female,group C,some college,standard,none,54.684635,49.686539,40.087391
1713729879.878910,female,group D,some college,free/reduced,completed,72.660781,118.216604,62.720572
1713729879.878915,female,group B,some high school,standard,none,59.840385,50.635700,91.929329
1713729879.878920,male,group E,some college,standard,none,81.660826,53.086884,66.560703
1713729879.878926,female,group D,master's degree,standard,none,80.735592,69.817514,135.573006
1713729879.878931,female,group B,associate's degree,standard,completed,89.165381,76.882590,126.404587
1713729879.878936,male,group C,some college,free/reduced,none,59.481656,72.736285,57.789318
1713729879.878944,female,group E,associate's degree,standard,completed,98.638659,70.419541,70.633278
1713729879.878950,female,group D,master's degree,free/reduced,none,54.782994,54.808179,73.452533
1713729879.878956,female,group B,some high school,standard,none,87.309334,85.377794,88.056885
1713729879.878961,male,group A,high school,standard,none,68.646734,47.643131,70.081409
1713729879.878967,male,group B,bachelor's degree,free/reduced,none,47.388209,61.759197,58.190965
1713729879.878973,male,group C,master's degree,standard,none,73.455571,73.446103,85.873899
1713729879.878979,female,group C,bachelor's degree,standard,none,83.716509,101.973040,102.812976
1713729879.878984,male,group D,some college,standard,none,74.116476,102.333098,79.669909
1713729879.878990,male,group A,some high school,standard,none,51.833450,38.156363,71.482611
1713729879.878997,male,group D,some high school,free/reduced,none,70.015936,37.229747,47.346898
1713729879.879003,female,group B,some high school,standard,completed,46.617074,69.149094,59.672889
1713729879.879010,female,group B,master's degree,free/reduced,completed,89.874566,99.974978,86.378317
1713729879.879015,female,group C,some high school,standard,completed,62.351048,94.854744,54.776596
1713729879.879021,female,group D,some college,standard,none,60.247526,90.918606,74.045815
1713729879.879026,female,group E,some college,standard,completed,51.798970,74.786716,89.077597
1713729879.879032,female,group D,some high school,standard,completed,62.739683,72.955371,41.868906
1713729879.879038,female,group B,high school,free/reduced,completed,66.834994,91.665663,92.869067
1713729879.879042,male,group D,some college,standard,none,95.909109,42.715871,45.115378
1713729879.879048,female,group C,associate's degree,standard,none,82.084440,82.834438,81.844097
1713729879.879054,male,group D,bachelor's degree,standard,none,60.015405,57.692124,56.639604
1713729879.879059,male,group C,master's degree,free/reduced,none,47.378808,62.031647,24.892451
1713729879.879064,male,group C,high school,standard,completed,53.501057,2.296839,14.921730
1713729879.879069,male,group E,some college,standard,none,67.390235,48.784712,56.058896
1713729879.879077,male,group C,some high school,free/reduced,completed,84.006906,67.530646,65.138045
1713729879.879085,female,group C,high school,free/reduced,none,46.346721,75.151656,36.370494
1713729879.879092,female,group D,bachelor's degree,free/reduced,none,21.620655,39.286722,55.826562
1713729879.879098,female,group C,associate's degree,standard,none,76.435225,60.018562,28.276295
1713729879.879103,female,group C,associate's degree,standard,completed,63.622951,64.654478,91.566260
1713729879.879110,female,group C,some high school,standard,none,51.546784,70.020456,52.430300
1713729879.879116,male,group E,associate's degree,standard,completed,63.529130,65.197908,81.020510
1713729879.879122,female,group E,associate's degree,standard,completed,82.743714,93.385520,92.713745
1713729879.879126,male,group B,high school,standard,completed,59.256196,60.430483,63.665972
1713729879.879132,female,group C,bachelor's degree,free/reduced,completed,75.361745,113.466250,54.868972
1713729879.879138,male,group C,associate's degree,standard,completed,45.914120,69.406248,69.726670
1713729879.879144,female,group D,high school,standard,none,51.512974,63.236140,96.396227
1713729879.879150,male,group E,bachelor's degree,standard,completed,76.827753,82.188773,68.779970
1713729879.879156,male,group A,associate's degree,standard,completed,91.029707,87.976915,77.232423
1713729879.879175,male,group C,high school,standard,completed,64.675478,71.079840,10.065088
1713729879.879181,male,group D,associate's degree,free/reduced,completed,62.582433,55.332583,62.825886
1713729879.879188,female,group C,associate's degree,standard,none,87.093057,77.460567,81.772183
1713729879.879194,female,group D,associate's degree,standard,none,84.544988,77.179956,82.509758
1713729879.879201,female,group D,master's degree,standard,none,71.835263,55.784673,76.552158
1713729879.879207,male,group E,some high school,free/reduced,completed,70.443685,81.702773,79.120194
1713729879.879215,female,group A,some high school,standard,completed,89.422716,83.949899,98.965487
1713729879.879221,male,group C,high school,standard,completed,69.973804,84.393294,78.081693
1713729879.879228,female,group C,high school,free/reduced,none,55.850207,60.671606,21.309974
1713729879.879235,male,group C,master's degree,standard,none,84.948376,59.891495,84.606366
1713729879.879242,male,group C,some high school,free/reduced,none,82.206807,87.722635,67.374224
1713729879.879249,male,group B,bachelor's degree,free/reduced,completed,83.984646,96.096831,96.694413
1713729879.879254,female,group B,associate's degree,standard,none,42.816750,50.737297,50.406174
1713729879.879259,male,group D,some college,free/reduced,none,75.137869,72.131600,51.480981
1713729879.879265,male,group E,associate's degree,standard,none,50.435421,39.205627,38.826616
1713729879.879272,female,group C,some college,free/reduced,none,37.090854,36.624213,23.214018
1713729879.879277,female,group C,associate's degree,standard,completed,50.878546,82.251690,40.150563
1713729879.879282,male,group C,master's degree,free/reduced,none,56.458725,71.402334,77.781788
1713729879.879290,female,group B,associate's degree,free/reduced,none,59.592154,72.185359,73.919708
1713729879.879297,male,group D,some high school,standard,none,60.642351,74.360690,109.783404
1713729879.879303,female,group D,some college,standard,completed,79.028777,87.399654,29.839959
1713729879.879310,female,group C,some college,standard,none,56.973852,64.835412,8.387351
1713729879.879317,male,group C,bachelor's degree,standard,completed,87.232169,94.829088,98.779648
1713729879.879324,female,group D,some college,free/reduced,completed,79.285384,82.499410,49.996233
1713729879.879329,male,group B,bachelor's degree,free/reduced,none,53.485171,55.075260,45.748616
1713729879.879336,male,group B,associate's degree,standard,none,50.622634,39.639439,45.130588
1713729879.879343,female,group E,bachelor's degree,free/reduced,completed,70.679501,100.458167,124.287281
1713729879.879350,female,group D,master's degree,free/reduced,completed,43.535903,76.099191,105.987352
1713729879.879357,male,group B,high school,free/reduced,none,54.010158,52.898511,39.589628
1713729879.879364,male,group D,bachelor's degree,free/reduced,none,52.019400,53.225480,102.717063
1713729879.879370,male,group B,some college,standard,completed,44.963354,78.948401,49.369239
1713729879.879377,male,group A,bachelor's degree,standard,none,100.338328,88.956856,79.546519
1713729879.879384,female,group C,some college,standard,none,49.904936,93.653066,28.780048
1713729879.879391,female,group C,high school,free/reduced,completed,49.238336,61.296775,78.437277
1713729879.879399,female,group E,high school,standard,none,69.980415,95.163034,45.356493
1713729879.879406,male,group A,associate's degree,free/reduced,completed,46.642941,59.445202,65.731844
1713729879.879413,male,group A,some college,standard,completed,84.896312,59.493757,70.215011
1713729879.879420,female,group B,high school,standard,none,77.845794,83.589349,83.538361
1713729879.879427,female,group B,some college,free/reduced,completed,38.021352,53.424392,123.501910
1713729879.879434,female,group D,master's degree,standard,none,56.872744,89.774351,61.475448
1713729879.879441,female,group D,some high school,standard,none,81.421996,88.097197,90.048399
1713729879.879447,female,group E,some high school,standard,none,64.818209,98.832228,80.834962
1713729879.879454,female,group D,bachelor's degree,free/reduced,none,68.964112,75.416133,56.295023
1713729879.879462,female,group D,associate's degree,standard,completed,57.053333,79.384400,87.892880
1713729879.879468,female,group D,some college,standard,none,78.191482,87.656140,81.703691
1713729879.879475,female,group C,associate's degree,standard,none,60.796617,46.472664,68.819055
1713729879.879482,female,group A,high school,standard,none,68.913640,64.510603,82.089888
1713729879.879489,female,group C,bachelor's degree,free/reduced,none,21.096578,61.930926,71.392332
1713729879.879495,female,group C,some college,standard,none,66.360718,52.556601,87.747191
1713729879.879502,female,group A,some high school,standard,none,55.912028,84.469605,26.107433
1713729879.879509,male,group C,some college,free/reduced,none,47.014760,57.897424,21.697171
1713729879.879516,male,group A,some high school,standard,none,81.460997,61.901425,74.698660
1713729879.879522,male,group E,bachelor's degree,standard,none,68.920132,71.946777,54.743691
1713729879.879529,female,group E,high school,standard,none,74.142561,70.965784,87.309855
1713729879.879536,female,group C,bachelor's degree,standard,completed,84.456711,88.181360,105.944343
1713729879.879543,female,group C,bachelor's degree,standard,completed,46.597479,84.161639,63.757059
1713729879.879550,male,group B,high school,free/reduced,none,3.307599,30.436665,-56.591905
1713729879.879557,male,group A,some high school,standard,none,49.247788,56.589064,55.777753
1713729879.879563,female,group D,high school,standard,none,63.715469,75.250867,82.698971
1713729879.879570,female,group D,some high school,standard,none,55.283166,92.212727,76.096630
1713729880.084339,female,group D,master's degree,standard,none,54.114717,91.882840,106.651391
1713729880.084348,female,group C,high school,standard,none,29.619204,36.165659,32.826178
1713729880.084355,female,group E,some college,standard,none,73.540479,98.323650,14.336626
1713729880.084363,male,group D,high school,free/reduced,none,107.883415,47.637761,29.302306
1713729880.084371,male,group D,master's degree,free/reduced,completed,81.708081,97.480430,88.955892
1713729880.084378,male,group C,some high school,standard,none,74.367407,82.654620,59.919345
1713729880.084386,female,group C,associate's degree,standard,none,88.159278,69.369957,73.165036
1713729880.084392,female,group C,master's degree,free/reduced,none,38.050883,46.674370,67.982873
1713729880.084399,female,group E,some college,standard,none,71.369523,64.157646,68.812447
1713729880.084407,female,group B,associate's degree,standard,none,62.720008,33.907879,43.125898
1713729880.084415,male,group D,some college,free/reduced,completed,67.691729,57.275171,59.486820
1713729880.084423,female,group C,some college,standard,none,48.206468,69.799756,56.205224
1713729880.084430,male,group C,bachelor's degree,standard,completed,96.109987,89.333249,78.898150
1713729880.084438,female,group C,associate's degree,standard,none,62.021249,114.736702,104.686681
1713729880.084445,female,group A,associate's degree,standard,none,83.188242,81.943517,60.807078
1713729880.084453,female,group C,high school,standard,none,60.531911,64.013943,48.895010
1713729880.084461,female,group E,bachelor's degree,standard,none,58.355533,54.392506,38.757053
1713729880.084469,male,group D,bachelor's degree,standard,none,82.923093,66.030570,25.885189
1713729880.084476,male,group D,master's degree,standard,none,84.397979,100.797708,94.996419
1713729880.084484,male,group C,associate's degree,free/reduced,completed,35.352955,56.705911,81.302665
1713729880.084492,female,group C,high school,free/reduced,none,48.578830,56.864132,41.491948
1713729880.084500,male,group B,bachelor's degree,free/reduced,none,62.414418,100.589219,52.155808
1713729880.084507,male,group C,high school,free/reduced,completed,47.269105,57.767622,46.587742
1713729880.084515,male,group A,some college,standard,completed,102.634743,89.996736,95.387170
1713729880.084523,female,group E,bachelor's degree,free/reduced,none,76.925977,56.047700,110.433196
1713729880.084531,male,group D,some college,standard,completed,86.340184,99.822321,128.017575
1713729880.084538,male,group B,associate's degree,free/reduced,completed,65.134712,72.263488,51.851415
1713729880.084546,male,group D,associate's degree,standard,none,68.637312,49.380619,27.256187
1713729880.084554,male,group D,some college,free/reduced,none,60.556982,45.418415,45.775418
1713729880.084562,female,group C,some high school,standard,completed,45.132329,53.508037,56.700483
1713729880.084569,male,group D,some college,standard,none,75.886617,60.620059,68.065681
1713729880.084577,male,group B,high school,standard,none,92.761190,68.352193,66.263664
1713729880.084585,female,group B,bachelor's degree,standard,completed,80.173315,76.019216,62.005687
1713729880.084593,female,group C,high school,standard,none,71.464678,73.324553,62.651662
1713729880.084600,male,group D,some high school,standard,none,84.091279,83.991215,53.464713
1713729880.084608,male,group A,high school,standard,none,69.148706,81.059509,42.541744
1713729880.084615,female,group B,high school,free/reduced,completed,60.669661,79.236820,83.966134
1713729880.084624,female,group D,some high school,standard,completed,71.480963,107.398215,88.475045
1713729880.084631,male,group E,some college,standard,none,65.764607,70.788756,80.151204
1713729880.084639,female,group D,associate's degree,standard,none,84.715069,57.719660,70.736001
1713729880.084646,male,group D,high school,standard,none,40.937396,46.156992,59.706104
1713729880.084655,female,group D,associate's degree,free/reduced,completed,80.395104,99.255915,79.437444
1713729880.084662,female,group B,some high school,free/reduced,none,63.523985,95.744375,55.657412
1713729880.084670,female,group E,high school,standard,completed,68.135511,75.410848,67.634211
1713729880.084679,male,group B,high school,standard,none,68.726343,68.155848,66.320117
1713729880.084687,female,group B,bachelor's degree,standard,completed,71.418264,110.077430,107.815752
1713729880.084695,female,group D,associate's degree,standard,none,56.737944,72.235987,76.576770
1713729880.084702,female,group E,high school,free/reduced,none,65.298210,66.482675,37.410122
1713729880.084710,female,group B,high school,standard,none,58.412959,51.110121,37.139066
1713729880.084718,female,group D,some college,standard,completed,46.016653,89.233307,84.060857
1713729880.084725,male,group C,some high school,free/reduced,completed,59.701243,81.281325,41.059880
1713729880.084733,female,group A,high school,standard,completed,67.937606,77.263696,80.499689
1713729880.084741,female,group D,some college,standard,completed,86.929289,83.876938,98.289300
1713729880.084749,female,group A,associate's degree,standard,completed,68.491834,60.101647,59.083704
1713729880.084756,female,group B,some high school,standard,none,76.858310,60.420743,64.742095
1713729880.084762,female,group B,some college,standard,none,57.718161,76.691160,59.659909
1713729880.084767,male,group C,associate's degree,free/reduced,none,48.525409,79.001444,26.820104
1713729880.084772,male,group D,some high school,standard,none,62.389950,66.446174,56.223928
1713729880.084778,female,group D,associate's degree,free/reduced,none,49.817671,70.227916,42.418170
1713729880.084784,male,group D,associate's degree,standard,none,93.814582,93.800357,67.791219
1713729880.084790,male,group C,some college,free/reduced,none,82.154929,79.566650,62.811583
1713729880.084795,male,group C,some high school,standard,none,68.742811,62.418641,56.757878
1713729880.084801,female,group D,some college,free/reduced,none,41.125345,64.479280,63.896147
1713729880.084807,female,group C,high school,standard,none,65.621914,68.876946,82.421118
1713729880.084814,male,group D,associate's degree,standard,none,82.168214,83.448809,56.694931
1713729880.084822,female,group C,some high school,free/reduced,completed,44.843961,58.309879,60.442603
1713729880.084829,female,group C,some college,free/reduced,completed,93.765434,77.168466,63.845044
1713729880.084835,female,group B,bachelor's degree,free/reduced,none,87.253111,98.000691,90.424475
1713729880.084841,male,group C,some college,standard,none,68.536759,80.060024,-27.439079
1713729880.084849,male,group D,associate's degree,standard,completed,79.754528,74.445388,69.183580
1713729880.084854,female,group C,high school,free/reduced,none,50.080215,75.458412,93.967339
1713729880.084860,male,group D,associate's degree,free/reduced,none,57.189013,54.117712,52.047316
1713729880.084866,female,group C,some college,standard,none,88.784050,68.992531,66.479735
1713729880.084872,female,group C,associate's degree,standard,completed,62.902634,79.122765,76.159843
1713729880.084879,female,group D,high school,standard,completed,62.340466,77.503791,80.860794
1713729880.084885,female,group B,some college,standard,completed,32.255163,52.861050,87.178369
1713729880.084891,female,group E,some college,standard,completed,79.475140,63.068560,88.980849
1713729880.084898,female,group C,some high school,standard,completed,89.681994,83.218705,40.002354
1713729880.084906,male,group D,associate's degree,free/reduced,none,78.051660,91.841331,126.286317
1713729880.084914,male,group D,some college,free/reduced,none,61.350494,57.573707,82.741753
1713729880.084921,female,group D,high school,standard,none,55.298769,70.548862,101.895524
1713729880.084929,male,group B,high school,standard,none,77.247122,66.450873,80.209710
1713729880.084936,male,group B,high school,standard,none,81.561738,75.440536,102.227298
1713729880.084944,female,group C,some high school,free/reduced,completed,32.331773,43.057106,27.884619
1713729880.084952,male,group B,some college,standard,completed,48.933898,74.407639,63.983776
1713729880.084960,female,group E,master's degree,standard,completed,76.298570,91.394309,115.444885
1713729880.084968,male,group E,some college,standard,completed,81.652377,70.546588,68.613228
1713729880.084977,male,group D,associate's degree,free/reduced,none,84.971730,79.980881,75.725330
1713729880.084984,male,group A,high school,free/reduced,none,62.600257,55.325838,94.075786
1713729880.084992,male,group E,some college,free/reduced,none,80.654610,92.149278,90.395006
1713729880.085000,female,group C,associate's degree,standard,none,53.287345,54.055025,41.883291
1713729880.085008,female,group E,associate's degree,free/reduced,none,85.670400,65.771960,43.133470
1713729880.085016,female,group C,bachelor's degree,free/reduced,completed,61.530623,45.948191,81.310489
1713729880.085023,female,group D,associate's degree,standard,none,59.618541,60.249848,68.706573
1713729880.085031,female,group C,some high school,standard,none,55.603707,17.651333,64.545684
1713729880.085039,female,group D,some college,free/reduced,none,72.582614,86.252072,109.764073
1713729880.085045,female,group C,associate's degree,standard,completed,52.612384,70.908489,76.717220
1713729880.085050,female,group A,bachelor's degree,standard,none,53.790886,149.413952,69.039171
1713729880.085056,female,group D,associate's degree,standard,completed,35.098863,78.308650,39.103076
1713729880.085062,male,group C,high school,free/reduced,none,71.146561,52.432602,51.456362
1713729880.085068,female,group E,bachelor's degree,standard,completed,77.154604,69.318456,93.974061
1713729880.085073,female,group B,some high school,standard,none,52.587972,58.822339,88.825762
1713729880.085079,male,group A,bachelor's degree,standard,completed,84.921308,82.489702,121.012528
1713729880.085085,female,group D,some college,standard,none,79.211624,71.689311,80.548073
1713729880.085091,female,group B,some high school,free/reduced,completed,61.457491,58.880957,74.018216
1713729880.085098,male,group A,bachelor's degree,free/reduced,none,73.035307,71.676251,63.601243
1713729880.085106,male,group D,high school,standard,none,49.400493,23.861187,31.993607
1713729880.085113,male,group C,some college,standard,none,68.824387,67.405485,48.036879
1713729880.085121,male,group D,high school,standard,none,91.062865,87.096659,86.518245
1713729880.085129,female,group D,associate's degree,free/reduced,completed,61.325076,56.748389,59.380464
1713729880.085137,male,group C,some college,standard,completed,104.471939,85.124953,77.544357
1713729880.085144,female,group E,some high school,standard,completed,85.347743,95.994105,78.699841
1713729880.085152,female,group D,some college,standard,none,105.385292,96.734661,117.826753
1713729880.085159,male,group D,master's degree,standard,none,73.196943,86.011290,72.094547
1713729880.085176,female,group B,some high school,standard,completed,43.383809,84.782929,90.339019
1713729880.085184,female,group B,associate's degree,free/reduced,completed,75.646006,99.215856,98.108542
1713729880.085190,male,group C,associate's degree,standard,completed,68.177838,61.021860,78.811140
1713729880.085199,female,group C,associate's degree,standard,completed,79.414317,101.781488,109.844620
1713729880.085206,female,group C,high school,standard,none,83.446086,79.147948,49.956010
1713729880.085214,male,group E,associate's degree,free/reduced,completed,99.983042,62.839078,84.798718
1713729880.085222,female,group C,some college,free/reduced,none,56.802123,61.986414,84.363548
1713729880.085229,male,group D,some high school,free/reduced,completed,60.114891,65.680390,66.414315
1713729880.085238,female,group B,some high school,free/reduced,completed,57.358273,97.018472,54.538088
1713729880.085245,male,group C,high school,standard,none,46.383528,72.737697,81.165281
1713729880.085253,male,group B,some college,standard,none,46.734074,43.481723,33.732266
1713729880.085260,male,group E,some college,standard,completed,81.904623,87.901597,48.530809
1713729880.085268,female,group E,associate's degree,standard,completed,61.943797,50.371723,71.176648
1713729880.085276,male,group E,some high school,standard,completed,72.547928,60.195672,75.484117
1713729880.085284,female,group D,high school,free/reduced,none,82.516055,96.693420,79.335658
1713729880.085291,male,group C,some college,standard,none,62.300069,47.997792,16.265714
1713729880.085299,female,group B,associate's degree,free/reduced,completed,54.821039,69.130999,78.044427
1713729880.085307,male,group A,some high school,free/reduced,none,47.809952,52.054002,90.857453
1713729880.085315,female,group C,some college,standard,completed,107.653958,81.512482,92.163374
1713729880.085322,male,group D,some high school,standard,none,75.369684,49.562373,-2.951133
1713729880.085330,female,group E,some college,free/reduced,none,62.635580,56.744639,50.100578
1713729880.085338,male,group C,master's degree,standard,none,78.015634,53.492678,53.901441
1713729880.085346,male,group C,associate's degree,standard,none,77.696470,46.664615,82.066149
1713729880.085353,female,group B,some college,free/reduced,completed,78.061935,84.440161,37.885410
1713729880.085362,male,group D,associate's degree,standard,none,79.290522,56.108982,32.918675
1713729880.085370,male,group C,high school,free/reduced,none,60.898162,65.605727,55.029033
1713729880.085379,male,group D,bachelor's degree,standard,none,73.137574,70.774472,62.596055
1713729880.085387,female,group A,associate's degree,free/reduced,none,31.560432,57.935331,44.995205
1713729880.085394,female,group C,high school,standard,none,84.827735,81.945576,83.244976
1713729880.085402,female,group C,associate's degree,standard,completed,62.516529,71.069952,87.740935
1713729880.085410,male,group B,some college,free/reduced,none,64.480816,52.598921,55.516303
1713729880.085418,male,group D,associate's degree,standard,none,83.944639,102.564784,77.142300
1713729880.085425,male,group D,high school,standard,none,65.720687,77.940109,63.399464
1713729880.085432,male,group C,some college,standard,none,70.368458,57.182587,87.966422
1713729880.085438,female,group C,bachelor's degree,free/reduced,none,44.107674,53.343097,40.183621
1713729880.085443,male,group B,some college,standard,completed,96.408772,89.290120,66.113759
1713729880.085449,male,group D,some high school,standard,completed,77.963169,73.698192,73.034756
1713729880.085454,male,group E,some college,standard,none,82.812243,59.090084,63.587117
1713729880.085460,male,group C,master's degree,free/reduced,completed,80.564076,71.806015,82.754319
1713729880.085466,female,group C,some high school,standard,completed,73.772478,74.983294,116.426043
1713729880.085474,male,group C,associate's degree,free/reduced,none,59.346715,62.312854,28.047294
1713729880.085480,female,group E,associate's degree,standard,none,84.612334,99.020193,70.608376
1713729880.085487,male,group D,some college,standard,none,52.007215,61.067891,157.641852
1713729880.085494,male,group E,bachelor's degree,free/reduced,completed,62.616382,68.716781,73.317872
1713729880.085500,female,group D,some college,free/reduced,completed,37.193865,69.219882,67.031405
1713729880.085507,male,group B,some college,standard,completed,69.927332,58.206070,55.745945
1713729880.085513,female,group C,high school,free/reduced,none,58.669575,74.400464,57.403785
1713729880.085521,female,group D,some high school,standard,none,48.337883,29.755694,44.953031
1713729880.085526,male,group D,some high school,standard,completed,81.614982,110.932356,40.870399
1713729880.085534,female,group B,high school,standard,none,55.503481,75.779440,56.731775
1713729880.085541,male,group D,some college,standard,none,72.128037,44.837471,60.962762
1713729880.085549,female,group B,high school,standard,none,86.661242,56.554745,105.506838
1713729880.085555,female,group C,high school,standard,completed,58.856426,81.529774,83.041123
1713729880.085562,male,group B,high school,standard,completed,42.040291,54.025569,25.108400
1713729880.085568,female,group D,some high school,standard,none,70.822688,69.569036,74.184653
1713729880.085576,male,group A,some college,free/reduced,none,54.750698,49.889933,44.663009
1713729880.085584,male,group B,high school,standard,none,50.737595,67.673113,53.905071
1713729880.085592,male,group D,bachelor's degree,standard,none,74.255846,84.855691,78.176384
1713729880.085597,female,group B,some high school,free/reduced,completed,48.416939,44.314324,89.879419
1713729880.085603,female,group C,bachelor's degree,free/reduced,none,42.072263,71.292305,90.380535
1713729880.085610,male,group B,some college,standard,none,68.422982,61.927948,31.392315
1713729880.085618,female,group B,some high school,free/reduced,none,51.634540,57.894404,36.892545
1713729880.085624,female,group B,high school,standard,none,66.329400,61.360405,38.202500
1713729880.085629,female,group C,some college,free/reduced,none,21.060318,43.630085,73.542114
1713729880.085635,female,group A,some college,standard,completed,75.870981,81.045596,82.359853
1713729880.085643,male,group E,associate's degree,standard,completed,90.454944,78.440220,82.597361
1713729880.085651,female,group D,associate's degree,free/reduced,none,44.707914,59.383005,20.201459
1713729880.085658,female,group B,master's degree,standard,none,82.867609,119.439206,67.349864
1713729880.085664,female,group B,high school,free/reduced,completed,84.082435,104.770201,54.533523
1713729880.085672,female,group C,associate's degree,standard,completed,48.098970,51.693177,40.588001
1713729880.085680,male,group C,bachelor's degree,standard,completed,93.341417,70.003582,70.906064
1713729880.085688,female,group B,some high school,standard,completed,15.932063,54.414427,19.776040
1713729880.085696,female,group E,some high school,free/reduced,none,71.851175,70.925854,76.741280
1713729880.085703,female,group B,some college,standard,none,11.416341,33.193302,11.602739
1713729880.085711,male,group C,associate's degree,free/reduced,none,79.805306,64.882432,84.434430
1713729880.085719,female,group C,master's degree,free/reduced,none,47.645198,63.262030,64.230283
1713729880.085727,female,group B,high school,standard,none,55.080945,66.583110,60.107830
1713729880.085734,female,group D,some college,free/reduced,none,70.852281,66.405652,94.784538
1713729880.085742,male,group D,high school,free/reduced,none,59.215601,76.600300,28.178586
1713729880.085750,male,group E,some high school,standard,completed,92.513342,81.411058,72.243939
1713729880.085757,female,group B,high school,standard,none,41.548870,52.235037,35.809256
1713729880.085765,female,group E,associate's degree,free/reduced,completed,70.473252,105.067277,65.722142
1713729880.085773,male,group D,high school,standard,none,67.243793,69.157780,72.280509
1713729880.085780,female,group E,associate's degree,free/reduced,none,58.423438,108.040971,83.577866
1713729880.085788,male,group E,some college,standard,none,68.871964,69.250798,54.364762
1713729880.085796,female,group C,associate's degree,standard,none,51.879088,54.411773,11.461014
1713729880.290147,male,group C,some high school,standard,completed,80.993686,73.247104,61.707615
1713729880.290158,male,group C,some high school,standard,completed,76.305332,59.483328,53.147916
1713729880.290177,female,group E,associate's degree,standard,none,75.986783,105.052032,96.175557
1713729880.290185,female,group B,some college,standard,none,86.829932,94.146291,76.396263
1713729880.290190,female,group C,some college,standard,none,83.448961,82.512211,40.750970
1713729880.290198,male,group A,some college,free/reduced,none,73.370087,85.184789,60.619494
1713729880.290204,female,group D,some college,free/reduced,none,67.859146,115.585852,32.875747
1713729880.290212,female,group E,high school,free/reduced,none,57.780140,41.114381,54.030228
1713729880.290219,male,group C,high school,standard,none,92.660914,72.785734,89.316688
1713729880.290225,male,group B,bachelor's degree,standard,none,59.111224,62.710501,48.268016
1713729880.290233,male,group A,some high school,standard,none,48.948157,16.870144,25.030760
1713729880.290240,male,group A,high school,free/reduced,none,38.900761,54.640086,36.006027
1713729880.290248,female,group C,master's degree,standard,completed,55.513443,65.229941,47.208030
1713729880.290256,male,group E,some high school,standard,completed,86.696566,73.685430,72.498449
1713729880.290263,female,group C,high school,standard,none,72.372036,75.191073,59.730269
1713729880.290271,male,group B,some high school,standard,completed,92.978882,100.772118,84.279770
1713729880.290279,female,group A,bachelor's degree,standard,none,52.415524,73.700099,82.405644
1713729880.290287,male,group D,bachelor's degree,free/reduced,completed,60.302556,78.138119,92.755268
1713729880.290294,female,group B,high school,free/reduced,none,38.236622,76.301922,65.820457
1713729880.290302,female,group C,some high school,standard,none,74.225140,80.402613,77.831964
1713729880.290310,female,group A,some high school,standard,completed,88.816004,86.072873,94.603675
1713729880.290318,female,group D,bachelor's degree,free/reduced,none,79.737098,94.754689,72.656316
1713729880.290325,male,group E,some college,free/reduced,completed,50.973476,62.794247,45.003629
1713729880.290333,female,group B,high school,free/reduced,none,61.626423,89.624869,97.871836
1713729880.290341,female,group C,some high school,free/reduced,none,75.814215,35.243770,71.370633
1713729880.290348,male,group C,high school,standard,none,64.475020,85.706064,55.016472
1713729880.290356,female,group C,associate's degree,free/reduced,completed,59.878242,75.095887,91.628666
1713729880.290364,female,group C,some high school,standard,none,76.440084,83.012147,128.349689
1713729880.290372,female,group D,some high school,free/reduced,completed,65.674913,77.097633,100.278834
1713729880.290380,male,group B,some high school,standard,none,72.261822,23.216166,33.467729
1713729880.290387,female,group A,some college,free/reduced,none,56.802702,-0.453753,53.175576
1713729880.290395,female,group C,bachelor's degree,free/reduced,completed,75.133412,79.938186,84.287249
1713729880.290403,male,group A,bachelor's degree,standard,none,64.286309,58.387689,128.434239
1713729880.290411,female,group B,high school,standard,completed,76.822049,73.427247,91.849803
1713729880.290418,male,group B,some college,standard,none,65.189398,45.789331,48.889055
1713729880.290426,female,group C,high school,standard,completed,53.886621,77.497597,86.335910
1713729880.290433,male,group E,high school,standard,none,75.422139,67.259030,57.895543
1713729880.290441,female,group A,high school,standard,completed,84.141637,94.520910,79.403163
1713729880.290449,male,group B,associate's degree,free/reduced,completed,59.929710,71.372990,45.074675
1713729880.290457,female,group C,associate's degree,standard,none,60.644697,76.115686,129.638694
1713729880.290465,female,group D,high school,free/reduced,none,41.006626,70.361812,108.464273
1713729880.290472,male,group C,some high school,standard,none,58.604731,56.855813,52.835912
1713729880.290480,female,group B,high school,free/reduced,completed,18.852981,47.370706,28.468419
1713729880.290487,male,group B,some college,free/reduced,completed,58.030081,76.609229,69.172617
1713729880.290496,female,group D,some high school,free/reduced,completed,39.203644,59.187618,83.593160
1713729880.290504,male,group E,master's degree,standard,none,73.497376,57.950283,42.102255
1713729880.290512,male,group C,master's degree,standard,completed,98.408164,70.392123,90.946686
1713729880.290519,male,group D,high school,standard,none,55.589982,47.524738,77.880557
1713729880.290527,female,group C,high school,standard,none,61.900300,75.090254,68.721597
1713729880.290535,male,group D,associate's degree,standard,none,75.053123,81.424060,37.999695
1713729880.290542,male,group C,master's degree,standard,none,67.033155,79.517188,50.783832
1713729880.290550,female,group A,high school,standard,none,74.086909,71.800659,77.572361
1713729880.290558,female,group E,some college,standard,none,84.756962,90.198320,72.466088
1713729880.290565,male,group E,some high school,standard,none,83.828593,68.083672,73.118965
1713729880.290573,male,group C,some high school,standard,none,61.597291,48.340694,42.115966
1713729880.290581,female,group B,bachelor's degree,standard,none,114.829801,105.228495,91.909819
1713729880.290588,male,group B,some college,free/reduced,none,70.972272,98.329024,74.631081
1713729880.290596,female,group C,bachelor's degree,standard,none,76.574476,79.626526,99.185641
1713729880.290604,male,group B,high school,standard,completed,45.685902,44.394927,46.120489
1713729880.290611,male,group C,associate's degree,free/reduced,none,91.751717,72.327642,61.255276
1713729880.290619,female,group C,associate's degree,standard,none,57.312574,61.205300,80.333260
1713729880.290627,female,group E,master's degree,free/reduced,none,82.625052,100.345999,86.002296
1713729880.290634,male,group D,bachelor's degree,free/reduced,completed,37.934033,60.034069,51.158552
1713729880.290642,female,group C,some college,standard,completed,69.246343,86.438796,67.983763
1713729880.290650,male,group C,associate's degree,standard,none,74.219393,92.020834,75.736660
1713729880.290657,male,group D,some college,standard,completed,81.688695,75.247702,60.137261
1713729880.290665,male,group C,high school,free/reduced,none,61.443209,46.496104,56.295832
1713729880.290674,male,group B,associate's degree,standard,none,61.604162,41.347450,25.952950
1713729880.290682,male,group E,associate's degree,free/reduced,completed,76.423731,69.202873,88.540192
1713729880.290691,male,group C,associate's degree,free/reduced,none,51.312644,39.671170,57.703143
1713729880.290698,male,group B,high school,standard,none,57.520717,68.542816,78.828899
1713729880.290707,female,group C,some college,standard,completed,67.349511,72.313917,87.867666
1713729880.290715,male,group B,associate's degree,standard,completed,102.404684,82.068680,58.927372
1713729880.290723,male,group E,associate's degree,free/reduced,none,92.543912,89.986928,73.492785
1713729880.290731,female,group C,bachelor's degree,free/reduced,none,34.485779,64.014322,100.596020
1713729880.290738,male,group C,some college,free/reduced,none,102.958760,58.938586,83.800718
1713729880.290746,male,group D,some college,standard,none,78.621015,92.989032,90.348100
1713729880.290754,male,group C,some high school,standard,none,30.629203,81.382422,53.414201
1713729880.290762,female,group D,some high school,standard,none,35.803579,49.379119,56.515889
1713729880.290769,female,group D,associate's degree,standard,none,92.480322,89.191592,77.424632
1713729880.290777,male,group C,bachelor's degree,standard,completed,39.445704,42.538585,89.980085
1713729880.290785,female,group E,bachelor's degree,standard,completed,54.921448,60.926767,69.455289
1713729880.290793,female,group B,high school,free/reduced,none,79.923390,82.229398,58.237714
1713729880.290800,male,group D,bachelor's degree,free/reduced,none,55.116420,71.178326,12.940251
1713729880.290808,female,group E,associate's degree,standard,none,54.364970,60.228203,54.681395
1713729880.290816,female,group C,associate's degree,standard,completed,60.900584,73.509766,79.325699
1713729880.290824,female,group E,associate's degree,standard,completed,118.315587,106.896624,93.615634
1713729880.290833,male,group C,high school,free/reduced,none,43.427775,93.782826,52.753207
1713729880.290840,female,group D,some college,free/reduced,none,75.487324,63.130881,70.058743
1713729880.290848,male,group D,high school,free/reduced,none,50.411418,41.890908,53.721477
1713729880.290855,female,group E,some college,standard,completed,71.625524,81.418401,106.474073
1713729880.290864,female,group E,associate's degree,standard,none,90.376225,90.780583,70.449087
1713729880.290872,female,group A,master's degree,free/reduced,none,52.782461,73.609243,59.983752
1713729880.290879,male,group D,some high school,standard,completed,88.199696,78.866432,74.821983
1713729880.290887,female,group E,associate's degree,standard,none,51.279895,64.555473,97.819012
1713729880.290895,female,group E,some high school,free/reduced,none,28.865196,50.911764,23.874680
1713729880.290902,male,group B,high school,free/reduced,none,43.726521,16.378767,17.795211
1713729880.290911,female,group B,some high school,free/reduced,completed,66.619157,76.034887,69.459024
1713729880.290919,male,group D,associate's degree,standard,completed,65.654885,52.504703,52.117430
1713729880.290926,female,group D,some high school,standard,completed,74.731617,157.663023,110.687994
1713729880.290934,male,group D,master's degree,standard,none,75.121371,79.717551,86.924314
1713729880.290941,female,group C,master's degree,standard,none,81.554256,72.835453,81.617510
1713729880.290950,female,group A,high school,free/reduced,completed,30.197431,51.070929,41.411664
1713729880.290957,female,group D,bachelor's degree,free/reduced,completed,94.406337,97.453856,127.989214
1713729880.290966,female,group D,some high school,free/reduced,none,71.192997,82.287871,74.831323
1713729880.290973,male,group D,some college,standard,none,88.110358,61.998341,75.983807
1713729880.290981,male,group B,high school,standard,none,69.308275,51.274333,70.172342
1713729880.290988,female,group D,some college,standard,completed,78.692900,97.113924,93.976810
1713729880.290997,female,group C,bachelor's degree,free/reduced,none,73.735466,106.695969,53.460037
1713729880.291004,male,group E,bachelor's degree,standard,completed,69.535889,67.041169,61.539163
1713729880.291013,male,group D,bachelor's degree,free/reduced,none,39.564535,30.350741,41.576755
1713729880.291020,female,group A,some college,standard,none,82.205368,71.178774,89.770851
1713729880.291028,female,group C,bachelor's degree,standard,completed,40.959638,53.007974,70.389440
1713729880.291036,female,group C,bachelor's degree,free/reduced,completed,48.436933,84.080678,78.178478
1713729880.291044,female,group B,associate's degree,free/reduced,none,54.797444,43.274416,20.893310
1713729880.291052,female,group E,some college,standard,none,68.364771,73.919262,96.114998
1713729880.291059,male,group E,bachelor's degree,standard,completed,88.319684,98.873966,111.345577
1713729880.291068,female,group C,high school,standard,none,43.951801,63.403349,85.669723
1713729880.291075,female,group C,associate's degree,standard,completed,58.250810,80.134511,83.848525
1713729880.291083,male,group B,some college,standard,completed,87.287936,115.919595,111.558181
1713729880.291090,male,group D,high school,free/reduced,none,85.338554,68.583504,41.545271
1713729880.291098,female,group C,high school,free/reduced,none,35.562580,70.907478,46.308621
1713729880.291106,male,group D,high school,standard,none,79.323026,78.118032,59.024963
1713729880.291114,female,group B,associate's degree,free/reduced,none,56.366589,65.428499,82.917317
1713729880.291121,male,group D,high school,free/reduced,none,88.833776,73.311964,36.106633
1713729880.291130,male,group E,some high school,standard,completed,70.812336,57.065981,51.875367
1713729880.291137,male,group E,associate's degree,free/reduced,none,70.602017,43.851468,45.580838
1713729880.291145,female,group D,high school,free/reduced,completed,72.989363,61.891054,66.043395
1713729880.291153,male,group E,associate's degree,free/reduced,completed,56.468263,34.459728,10.213252
1713729880.291161,female,group C,some high school,free/reduced,none,15.544445,64.883089,55.288074
1713729880.291177,male,group C,some college,free/reduced,completed,73.400581,72.161307,72.659409
1713729880.291184,male,group D,some college,free/reduced,none,71.916423,41.517355,145.389503
1713729880.291192,male,group D,associate's degree,free/reduced,completed,39.568957,64.940039,71.272390
1713729880.291200,male,group C,bachelor's degree,free/reduced,completed,83.790780,76.097460,88.914885
1713729880.291208,male,group C,associate's degree,standard,completed,108.177868,88.996551,92.617440
1713729880.291215,male,group D,some college,free/reduced,none,79.708940,41.492198,74.321411
1713729880.291223,male,group A,associate's degree,standard,none,64.518242,42.210048,126.555191
1713729880.291230,female,group E,high school,free/reduced,none,63.269693,63.410498,44.842043
1713729880.291239,male,group D,some college,standard,completed,77.794988,92.209856,100.389911
1713729880.291246,male,group D,some high school,standard,completed,63.590475,65.737439,71.279859
1713729880.291254,male,group C,master's degree,free/reduced,completed,88.289162,65.555551,61.398382
1713729880.291262,female,group D,master's degree,standard,none,74.465460,112.207715,89.172383
1713729880.291270,male,group C,high school,standard,none,80.266552,69.168193,64.831741
1713729880.291278,male,group A,some high school,free/reduced,completed,62.442170,68.369890,141.273401
1713729880.291285,female,group B,high school,standard,none,53.170179,49.741104,21.517472
1713729880.291293,female,group C,associate's degree,standard,none,60.917745,79.373425,52.563369
1713729880.291301,male,group B,high school,standard,none,79.760338,83.554919,86.983689
1713729880.291308,female,group D,some college,free/reduced,none,49.241625,43.906845,70.368736
1713729880.291316,male,group B,some high school,free/reduced,completed,19.655613,55.334834,25.510511
1713729880.291324,female,group E,high school,free/reduced,completed,58.181029,73.923008,75.583561
1713729880.291332,male,group E,high school,standard,none,114.244065,82.742911,62.021976
1713729880.291339,female,group D,some college,standard,completed,74.659038,76.283185,80.710693
1713729880.291347,female,group E,some high school,free/reduced,none,69.421607,74.598978,82.467001
1713729880.291355,male,group C,high school,standard,completed,54.615903,64.622269,37.199110
1713729880.291363,female,group C,some college,standard,none,57.662669,86.472121,54.067535
1713729880.291370,male,group E,associate's degree,standard,none,81.482031,56.133769,54.647844
1713729880.291378,male,group C,some college,standard,none,87.172685,96.878844,51.103549
1713729880.291385,female,group D,master's degree,standard,none,98.643294,101.806073,105.390290
1713729880.291394,female,group D,high school,standard,none,43.878167,66.445261,47.846493
1713729880.291401,male,group C,high school,standard,none,70.822488,121.426993,72.554500
1713729880.291409,female,group A,some college,standard,none,49.459524,83.961143,56.100851
1713729880.291417,female,group D,some high school,free/reduced,none,36.315008,85.318762,99.532665
1713729880.291425,female,group E,associate's degree,standard,none,94.735979,94.973779,103.804227
1713729880.291433,female,group C,some high school,free/reduced,completed,62.544256,83.801038,111.487682
1713729880.291440,male,group D,some college,standard,none,77.151936,75.242285,39.679542
1713729880.291448,female,group D,some college,standard,none,56.779823,74.158657,88.232363
1713729880.291456,male,group A,some high school,standard,completed,73.556445,80.846266,79.795553
1713729880.291464,male,group C,some college,standard,none,61.401355,62.426467,10.128616
1713729880.291471,female,group E,associate's degree,standard,none,71.000210,81.332718,50.832117
1713729880.291479,female,group B,bachelor's degree,standard,none,76.176819,90.772714,89.506027
1713729880.291487,female,group D,bachelor's degree,standard,none,95.037691,79.475434,56.455688
1713729880.291495,male,group C,some high school,standard,completed,65.561949,67.559623,72.371409
1713729880.291502,female,group A,high school,free/reduced,completed,61.957750,51.991225,67.307257
1713729880.291507,female,group D,some college,free/reduced,none,45.575347,76.045148,67.919566
1713729880.291516,female,group A,some college,standard,none,50.109219,59.658220,73.734356
1713729880.291522,female,group C,some college,standard,completed,69.280537,80.914362,65.140542
1713729880.291529,male,group B,some college,free/reduced,completed,68.437963,76.781630,105.316041
1713729880.291537,male,group C,associate's degree,standard,none,63.057084,54.919181,23.731173
1713729880.291544,male,group D,high school,standard,completed,55.807538,48.800566,51.309096
1713729880.291552,female,group C,associate's degree,standard,none,76.568684,107.488310,95.003491
1713729880.291560,female,group B,high school,free/reduced,none,21.770863,31.525409,-34.036473
1713729880.291568,male,group D,some high school,standard,none,89.617032,103.647183,39.843738
1713729880.291576,male,group B,some high school,standard,completed,94.325227,99.276563,89.432319
1713729880.291584,female,group A,some college,standard,completed,82.116166,85.261623,90.776483
1713729880.291591,female,group C,some high school,standard,none,74.300766,75.632585,80.155364
1713729880.291597,male,group A,high school,standard,none,58.453869,58.707889,62.369130
1713729880.291602,female,group C,associate's degree,standard,none,38.171186,59.647065,62.893093
1713729880.291608,male,group E,some high school,standard,completed,78.794357,88.654767,54.464662
1713729880.291613,female,group A,some high school,free/reduced,none,39.111288,26.224610,56.429009
1713729880.291619,female,group D,some college,free/reduced,completed,59.810107,77.499455,97.047764
1713729880.291625,male,group E,high school,free/reduced,completed,75.303979,92.313637,72.853770
1713729880.291630,female,group B,some high school,standard,completed,72.843399,71.820770,92.054228
1713729880.291636,female,group D,associate's degree,free/reduced,none,67.856045,68.211141,99.120638
1713729880.291640,female,group D,bachelor's degree,free/reduced,none,75.151504,77.657755,80.005817
1713729880.291645,male,group A,high school,standard,none,72.007160,48.055446,64.429237
1713729880.291651,female,group E,master's degree,standard,completed,52.596453,115.592527,86.722362
1713729880.291655,male,group C,high school,free/reduced,none,28.689575,25.669700,57.699024
1713729880.291661,female,group C,high school,free/reduced,completed,66.391479,84.215274,39.349810
1713729880.291665,female,group D,some college,standard,completed,69.518162,72.504024,71.130783
1713729880.291671,female,group D,some college,free/reduced,none,67.774644,68.011611,102.820239
1713729880.495177,Quit,Quit,Quit,Quit,Quit,-7.473083,0.554913,4.740300
